<?xml version="1.0"  encoding="UTF-8" ?>
<lido:lidoWrap xmlns:gml="http://www.opengis.net/gml" xmlns:lido="http://www.lido-schema.org" xmlns:xalan="http://xml.apache.org/xalan"><lido:lido><lido:lidoRecID lido:type="Museu">/Museu:000000</lido:lidoRecID><lido:objectPublishedID lido:type="URL">http://collection.nationalmuseum.se/eMuseumPlus?service=ExternalInterface&amp;module=collection&amp;objectID=15167&amp;viewType=detailView</lido:objectPublishedID><lido:descriptiveMetadata xml:lang="sv"><lido:objectClassificationWrap><lido:objectWorkTypeWrap><lido:objectWorkType><lido:conceptID lido:type="URI">http://vocab.getty.edu/aat/300033618</lido:conceptID><lido:term lido:addedSearchTerm="no">Målningar (Måleri)</lido:term></lido:objectWorkType></lido:objectWorkTypeWrap><lido:classificationWrap><lido:classification lido:type="universal classification"><lido:conceptID lido:type="URI">http://udcdata.info/065280</lido:conceptID></lido:classification><lido:classification lido:type="object classification"><lido:conceptID lido:type="URI">http://vocab.getty.edu/aat/300179869</lido:conceptID><lido:term lido:addedSearchTerm="no" xml:lang="sv">Bildkonst</lido:term></lido:classification><lido:classification><lido:term lido:addedSearchTerm="no" xml:lang="sv"/></lido:classification></lido:classificationWrap></lido:objectClassificationWrap><lido:objectIdentificationWrap><lido:titleWrap><lido:titleSet><lido:appellationValue>Ivan Stepanovitj Mazepa, ukrainisk hetman</lido:appellationValue></lido:titleSet><lido:titleSet><lido:appellationValue xml:lang="sv">Kazimierz Paweł Jan Sapieha (1637 eller 1642-1720), storhetman över Litauen, vojvod av Vilnius</lido:appellationValue></lido:titleSet></lido:titleWrap><lido:inscriptionsWrap><lido:inscriptions><lido:inscriptionTranscription xml:lang="sv"> </lido:inscriptionTranscription></lido:inscriptions></lido:inscriptionsWrap><lido:repositoryWrap><lido:repositorySet lido:type="current"><lido:repositoryName><lido:legalBodyID lido:type="URI">http://viaf.org/viaf/147742988</lido:legalBodyID><lido:legalBodyName><lido:appellationValue>Nationalmuseum, Sweden</lido:appellationValue></lido:legalBodyName><lido:legalBodyWeblink>www.nationalmuseum.se</lido:legalBodyWeblink></lido:repositoryName><lido:workID lido:type="local">NMGrh 497</lido:workID><lido:repositoryLocation><lido:placeID lido:type="URI">http://vocab.getty.edu/tgn/7009861</lido:placeID><lido:namePlaceSet><lido:appellationValue>Stockholm, Sweden</lido:appellationValue></lido:namePlaceSet><lido:partOfPlace><lido:placeID lido:type="URI">http://vocab.getty.edu/tgn/1000097</lido:placeID></lido:partOfPlace></lido:repositoryLocation></lido:repositorySet></lido:repositoryWrap><lido:objectDescriptionWrap><lido:objectDescriptionSet><lido:descriptiveNoteValue xml:lang="en"/><lido:descriptiveNoteValue xml:lang="sv">  </lido:descriptiveNoteValue></lido:objectDescriptionSet></lido:objectDescriptionWrap><lido:objectMeasurementsWrap><lido:objectMeasurementsSet><lido:displayObjectMeasurements>Mått 88 x 73,5 cm</lido:displayObjectMeasurements><lido:displayObjectMeasurements>Ram 100,5 x 85,5 x 4 cm</lido:displayObjectMeasurements><lido:objectMeasurements><lido:measurementsSet><lido:measurementType>Height</lido:measurementType><lido:measurementUnit>cm</lido:measurementUnit><lido:measurementValue>100.5</lido:measurementValue></lido:measurementsSet><lido:measurementsSet><lido:measurementType>Depth</lido:measurementType><lido:measurementUnit>cm</lido:measurementUnit><lido:measurementValue>4</lido:measurementValue></lido:measurementsSet><lido:measurementsSet><lido:measurementType>Width</lido:measurementType><lido:measurementUnit>cm</lido:measurementUnit><lido:measurementValue>85.5</lido:measurementValue></lido:measurementsSet><lido:measurementsSet><lido:measurementType>Width</lido:measurementType><lido:measurementUnit>cm</lido:measurementUnit><lido:measurementValue>73.5</lido:measurementValue></lido:measurementsSet><lido:measurementsSet><lido:measurementType>Height</lido:measurementType><lido:measurementUnit>cm</lido:measurementUnit><lido:measurementValue>88</lido:measurementValue></lido:measurementsSet></lido:objectMeasurements></lido:objectMeasurementsSet></lido:objectMeasurementsWrap></lido:objectIdentificationWrap><lido:eventWrap><lido:eventSet><lido:event><lido:eventType><lido:conceptID lido:type="URI">http://terminology.lido-schema.org/lido00012</lido:conceptID><lido:term lido:addedSearchTerm="no" xml:lang="en">Creation</lido:term></lido:eventType><lido:eventName><lido:appellationValue xml:lang="sv">Tillkomst</lido:appellationValue></lido:eventName><lido:eventActor><lido:actorInRole><lido:actor><lido:actorID lido:type="Nationalmuseum Sweden artist ID; NSID">7010</lido:actorID><lido:nameActorSet><lido:appellationValue>Okänd</lido:appellationValue></lido:nameActorSet></lido:actor><lido:roleActor><lido:term lido:addedSearchTerm="no" xml:lang="sv">Konstnär</lido:term></lido:roleActor><lido:attributionQualifierActor/></lido:actorInRole></lido:eventActor><lido:eventActor/><lido:eventActor/><lido:eventPlace><lido:displayPlace/><lido:place><lido:namePlaceSet><lido:appellationValue xml:lang="sv"/></lido:namePlaceSet></lido:place></lido:eventPlace><lido:eventMaterialsTech><lido:materialsTech><lido:termMaterialsTech><lido:term lido:addedSearchTerm="no" xml:lang="sv">Olja på duk</lido:term></lido:termMaterialsTech></lido:materialsTech></lido:eventMaterialsTech></lido:event></lido:eventSet><lido:eventSet><lido:displayEvent/><lido:event><lido:eventType><lido:conceptID lido:type="URI">http://terminology.lido-schema.org/lido00001</lido:conceptID><lido:term lido:addedSearchTerm="no">Acquisition</lido:term></lido:eventType><lido:eventName><lido:appellationValue>Övertagande 1866 från Gripsholms slott</lido:appellationValue></lido:eventName><lido:eventActor><lido:actorInRole><lido:actor><lido:nameActorSet><lido:appellationValue>Gripsholms slott</lido:appellationValue></lido:nameActorSet></lido:actor><lido:roleActor><lido:term lido:addedSearchTerm="no">Härkomst (organisation)</lido:term></lido:roleActor></lido:actorInRole></lido:eventActor><lido:eventDate><lido:displayDate xml:lang="en">Förvärvsår 1866</lido:displayDate></lido:eventDate></lido:event></lido:eventSet></lido:eventWrap><lido:objectRelationWrap><lido:subjectWrap><lido:subjectSet><lido:subject><lido:subjectActor><lido:actor><lido:actorID lido:type="URI">21037</lido:actorID><lido:nameActorSet><lido:appellationValue>Kazimierz Jan Sapieha</lido:appellationValue></lido:nameActorSet></lido:actor></lido:subjectActor></lido:subject></lido:subjectSet></lido:subjectWrap></lido:objectRelationWrap></lido:descriptiveMetadata><lido:administrativeMetadata xml:lang="sv"><lido:rightsWorkWrap><lido:rightsWorkSet><lido:creditLine>Nationalmuseum, Sweden</lido:creditLine></lido:rightsWorkSet></lido:rightsWorkWrap><lido:recordWrap><lido:recordID lido:type="local">15167</lido:recordID><lido:recordType><lido:conceptID lido:type="term">item</lido:conceptID></lido:recordType><lido:recordSource lido:type="europeana:dataProvider"><lido:legalBodyID lido:type="URI"/><lido:legalBodyName><lido:appellationValue>Nationalmuseum, Sweden</lido:appellationValue></lido:legalBodyName><lido:legalBodyWeblink>www.nationalmuseum.se</lido:legalBodyWeblink></lido:recordSource><lido:recordSource><lido:legalBodyID lido:type="URI">http://viaf.org/viaf/147742988</lido:legalBodyID><lido:legalBodyName><lido:appellationValue>Nationalmuseum, Sweden</lido:appellationValue></lido:legalBodyName><lido:legalBodyWeblink>www.nationalmuseum.se</lido:legalBodyWeblink></lido:recordSource><lido:recordRights><lido:rightsType><lido:term lido:addedSearchTerm="no">CC0</lido:term></lido:rightsType></lido:recordRights><lido:recordInfoSet><lido:recordInfoLink>http://collection.nationalmuseum.se/eMuseumPlus?service=ExternalInterface&amp;module=collection&amp;objectId=15167&amp;viewType=detailView</lido:recordInfoLink></lido:recordInfoSet></lido:recordWrap><lido:resourceWrap><lido:resourceSet><lido:resourceRepresentation lido:type="image_thumb"><lido:linkResource>http://emp-web-22.zetcom.ch/eMuseumPlus?service=ImageAsset&amp;module=collection&amp;objectId=15167&amp;viewType=detailView&amp;resolution=superImageResolution</lido:linkResource></lido:resourceRepresentation><lido:resourceRepresentation lido:type="image_master"><lido:linkResource lido:label="iiif">http://nationalmuseum.iiifhosting.com/iiif/Grh0497</lido:linkResource></lido:resourceRepresentation><lido:resourceRepresentation lido:type="image_master"><lido:linkResource>http://emp-web-22.zetcom.ch/eMuseumPlus?service=ImageAsset&amp;module=collection&amp;objectId=15167&amp;viewType=detailView&amp;resolution=superImageResolution</lido:linkResource></lido:resourceRepresentation><lido:resourceRepresentation lido:type="tiff"><lido:linkResource lido:formatResource="tiff" lido:label="tiff">Grh0497.tif</lido:linkResource></lido:resourceRepresentation><lido:rightsResource><lido:rightsType><lido:term lido:pref="preferred" lido:addedSearchTerm="no">http://creativecommons.org/publicdomain/mark/1.0/</lido:term></lido:rightsType><lido:rightsHolder><lido:legalBodyName><lido:appellationValue> Hans Thorwid </lido:appellationValue></lido:legalBodyName></lido:rightsHolder></lido:rightsResource></lido:resourceSet></lido:resourceWrap></lido:administrativeMetadata></lido:lido></lido:lidoWrap>